Protein Name,Replicate Name,Precursor Ion Name,Retention Time,Area,Background,Height,Mass Error PPM,Protein
molecules1,190715_Std_4uMStdsMix1InH2O_1,"DL-Alanine, D3",11.27,0,0,0,#N/A,molecules1
molecules1,190715_Std_4uMStdsMix1InH2O_2,"DL-Alanine, D3",11.15,0,0,0,#N/A,molecules1
molecules1,190715_Std_4uMStdsMix2InH2O_1,"DL-Alanine, D3",11.25,0,0,0,#N/A,molecules1
molecules1,190715_Std_4uMStdsMix2InH2O_2,"DL-Alanine, D3",11.2,0,0,0,#N/A,molecules1
molecules1,190715_Std_4uMStdsMix1InMatrix_1,"DL-Alanine, D3",10.13,13687993,0,1193965,5.1,molecules1
molecules1,190715_Std_4uMStdsMix1InMatrix_2,"DL-Alanine, D3",10.3,9796538,0,866053,5.4,molecules1
molecules1,190715_Std_4uMStdsMix2InMatrix_1,"DL-Alanine, D3",10.14,13747905,0,1188108,4.8,molecules1
molecules1,190715_Std_4uMStdsMix2InMatrix_2,"DL-Alanine, D3",10.27,10335528,0,924068,5.2,molecules1
molecules1,190715_Std_H2OinMatrix_1,"DL-Alanine, D3",10.14,14338511,0,1231901,5.2,molecules1
molecules1,190715_Std_H2OinMatrix_2,"DL-Alanine, D3",10.28,9700308,0,875806,5.3,molecules1
molecules1,190715_Poo_QC-KM1906_A,"DL-Alanine, D3",10.16,27848964,0,2326947,5.1,molecules1
molecules1,190715_Poo_QC-KM1906_B,"DL-Alanine, D3",10.24,20350006,162313,1713378,5.2,molecules1
molecules1,190715_Poo_QC-KM1906_C,"DL-Alanine, D3",10.25,20542086,0,1722805,5.8,molecules1
molecules1,190715_Poo_QC-KM1906_D,"DL-Alanine, D3",10.33,15925728,0,1386257,5.4,molecules1
molecules1,190715_Poo_QC-KM1906_E,"DL-Alanine, D3",9.44,20398880,0,1655934,5.7,molecules1
molecules1,190715_Poo_QC-KM1906_F,"DL-Alanine, D3",9.47,20695230,105918,1634370,5.9,molecules1
molecules1,190715_Blk_KM1906U14-Blk_C,"DL-Alanine, D3",10.27,14614983,0,1205235,5,molecules1
molecules1,190715_Poo_TruePooFK180310_Full1,"DL-Alanine, D3",9.6,9687210,0,813971,5.5,molecules1
molecules1,190715_Poo_TruePooFK180310_Full2,"DL-Alanine, D3",9.67,6751213,0,555566,5.8,molecules1
molecules1,190715_Poo_TruePooFK180310_Full3,"DL-Alanine, D3",9.7,5788217,0,445102,6,molecules1
molecules1,190715_Poo_TruePooFK180310_Half1,"DL-Alanine, D3",10.29,9789024,0,862993,6,molecules1
molecules1,190715_Poo_TruePooFK180310_Half2,"DL-Alanine, D3",9.52,6337938,0,526257,5.5,molecules1
molecules1,190715_Poo_TruePooFK180310_Half3,"DL-Alanine, D3",9.55,6373561,0,447637,5.8,molecules1
molecules1,190715_Smp_FK180310S62C1-25m_A,"DL-Alanine, D3",9.63,8358340,0,590769,5.8,molecules1
molecules1,190715_Smp_FK180310S62C1-25m_B,"DL-Alanine, D3",9.7,6239308,0,554704,5.4,molecules1
molecules1,190715_Smp_FK180310S62C1-25m_C,"DL-Alanine, D3",9.58,11373005,0,847232,5.8,molecules1
molecules1,190715_Smp_FK180310S62C1-DCM_A,"DL-Alanine, D3",9.67,8613472,0,594067,6.4,molecules1
molecules1,190715_Smp_FK180310S62C1-DCM_B,"DL-Alanine, D3",9.75,11321424,0,941919,5.5,molecules1
molecules1,190715_Smp_FK180310S62C1-DCM_C,"DL-Alanine, D3",9.67,7140598,0,546276,4.9,molecules1
molecules1,190715_Smp_FK180310S64C1-25m_A,"DL-Alanine, D3",9.75,6409392,0,491886,4.9,molecules1
molecules1,190715_Smp_FK180310S64C1-25m_B,"DL-Alanine, D3",9.69,7810762,0,563317,5.6,molecules1
molecules1,190715_Smp_FK180310S64C1-25m_C,"DL-Alanine, D3",9.7,6793440,0,545092,5.9,molecules1
molecules1,190715_Smp_FK180310S64C1-DCM_A,"DL-Alanine, D3",9.71,7316186,0,548981,6.1,molecules1
molecules1,190715_Smp_FK180310S64C1-DCM_B,"DL-Alanine, D3",9.76,5197567,0,402773,5.9,molecules1
molecules1,190715_Smp_FK180310S64C1-DCM_C,"DL-Alanine, D3",9.66,8703602,23247,600763,5.3,molecules1
molecules1,190715_Smp_FK180310S77C1-25m_A,"DL-Alanine, D3",9.73,5156957,0,446414,4.9,molecules1
molecules1,190715_Smp_FK180310S77C1-25m_B,"DL-Alanine, D3",9.7,5512108,0,420647,5.5,molecules1
molecules1,190715_Smp_FK180310S77C1-25m_C,"DL-Alanine, D3",9.69,6921757,0,496216,5.5,molecules1
molecules1,190715_Smp_FK180310S77C1-DCM_A,"DL-Alanine, D3",9.6,10850214,0,801337,5.6,molecules1
molecules1,190715_Smp_FK180310S77C1-DCM_B,"DL-Alanine, D3",9.64,9149838,0,765294,5.5,molecules1
molecules1,190715_Smp_FK180310S77C1-DCM_C,"DL-Alanine, D3",9.7,6755348,0,548031,4.9,molecules1
molecules1,190715_Smp_FK180310S80C1-25m_A,"DL-Alanine, D3",9.7,5704053,29472,483379,5,molecules1
molecules1,190715_Smp_FK180310S80C1-25m_B,"DL-Alanine, D3",9.58,11170390,0,933579,5.9,molecules1
molecules1,190715_Smp_FK180310S80C1-25m_C,"DL-Alanine, D3",9.69,7235873,0,537866,5.7,molecules1
molecules1,190715_Smp_FK180310S80C1-DCM_A,"DL-Alanine, D3",9.7,5703385,0,429899,5.4,molecules1
molecules1,190715_Smp_FK180310S80C1-DCM_B,"DL-Alanine, D3",9.67,6661927,0,524559,5.7,molecules1
molecules1,190715_Smp_FK180310S80C1-DCM_C,"DL-Alanine, D3",9.58,8580491,0,611130,5.9,molecules1
molecules1,190715_Std_4uMStdsMix1InH2O_1,"DL-Histidine, 15N",10.17,645945,0,54127,0.9,molecules1
molecules1,190715_Std_4uMStdsMix1InH2O_2,"DL-Histidine, 15N",10.34,535078,0,43818,0.7,molecules1
molecules1,190715_Std_4uMStdsMix2InH2O_1,"DL-Histidine, 15N",11.39,0,0,0,#N/A,molecules1
molecules1,190715_Std_4uMStdsMix2InH2O_2,"DL-Histidine, 15N",11.38,0,0,0,#N/A,molecules1
molecules1,190715_Std_4uMStdsMix1InMatrix_1,"DL-Histidine, 15N",10.19,23424006,0,1321932,0.3,molecules1
molecules1,190715_Std_4uMStdsMix1InMatrix_2,"DL-Histidine, 15N",10.33,15123525,0,946271,0.6,molecules1
molecules1,190715_Std_4uMStdsMix2InMatrix_1,"DL-Histidine, 15N",10.16,21477828,0,1163141,0,molecules1
molecules1,190715_Std_4uMStdsMix2InMatrix_2,"DL-Histidine, 15N",10.27,15625227,0,1041169,0.4,molecules1
molecules1,190715_Std_H2OinMatrix_1,"DL-Histidine, 15N",10.19,21976856,237195,1148251,0.4,molecules1
molecules1,190715_Std_H2OinMatrix_2,"DL-Histidine, 15N",10.39,15503349,0,834621,0.4,molecules1
molecules1,190715_Poo_QC-KM1906_A,"DL-Histidine, 15N",10.23,45626764,756033,2432166,0.3,molecules1
molecules1,190715_Poo_QC-KM1906_B,"DL-Histidine, 15N",10.34,32871112,0,1732777,0.3,molecules1
molecules1,190715_Poo_QC-KM1906_C,"DL-Histidine, 15N",10.37,33237468,0,1672650,1,molecules1
molecules1,190715_Poo_QC-KM1906_D,"DL-Histidine, 15N",10.46,25064620,0,1214758,0.6,molecules1
molecules1,190715_Poo_QC-KM1906_E,"DL-Histidine, 15N",9.47,30948794,217559,1499555,0.9,molecules1
molecules1,190715_Poo_QC-KM1906_F,"DL-Histidine, 15N",9.47,30557814,144773,1385957,1.1,molecules1
molecules1,190715_Blk_KM1906U14-Blk_C,"DL-Histidine, 15N",10.36,26877358,0,1281827,0.2,molecules1
molecules1,190715_Poo_TruePooFK180310_Full1,"DL-Histidine, 15N",9.61,19061112,0,1111663,0.6,molecules1
molecules1,190715_Poo_TruePooFK180310_Full2,"DL-Histidine, 15N",9.72,15698829,0,769556,0.9,molecules1
molecules1,190715_Poo_TruePooFK180310_Full3,"DL-Histidine, 15N",9.78,13823220,0,718706,1.1,molecules1
molecules1,190715_Poo_TruePooFK180310_Half1,"DL-Histidine, 15N",10.26,14809875,0,1016400,1.1,molecules1
molecules1,190715_Poo_TruePooFK180310_Half2,"DL-Histidine, 15N",9.57,11001764,152704,564463,0.7,molecules1
molecules1,190715_Poo_TruePooFK180310_Half3,"DL-Histidine, 15N",9.6,10822006,0,505374,0.9,molecules1
molecules1,190715_Smp_FK180310S62C1-25m_A,"DL-Histidine, 15N",9.64,19371846,0,873273,1,molecules1
molecules1,190715_Smp_FK180310S62C1-25m_B,"DL-Histidine, 15N",9.75,14399476,0,787443,0.5,molecules1
molecules1,190715_Smp_FK180310S62C1-25m_C,"DL-Histidine, 15N",9.6,24080420,0,1225185,0.9,molecules1
molecules1,190715_Smp_FK180310S62C1-DCM_A,"DL-Histidine, 15N",9.74,23179148,0,1056562,1.5,molecules1
molecules1,190715_Smp_FK180310S62C1-DCM_B,"DL-Histidine, 15N",9.72,30010520,0,1467223,0.6,molecules1
molecules1,190715_Smp_FK180310S62C1-DCM_C,"DL-Histidine, 15N",9.72,15797256,0,778103,0,molecules1
molecules1,190715_Smp_FK180310S64C1-25m_A,"DL-Histidine, 15N",9.76,16061624,0,821281,0.1,molecules1
molecules1,190715_Smp_FK180310S64C1-25m_B,"DL-Histidine, 15N",9.75,27860534,0,1139770,0.8,molecules1
molecules1,190715_Smp_FK180310S64C1-25m_C,"DL-Histidine, 15N",9.75,17618982,0,907773,1,molecules1
molecules1,190715_Smp_FK180310S64C1-DCM_A,"DL-Histidine, 15N",9.75,19456378,331570,885995,1.2,molecules1
molecules1,190715_Smp_FK180310S64C1-DCM_B,"DL-Histidine, 15N",9.79,12260740,0,655373,0.9,molecules1
molecules1,190715_Smp_FK180310S64C1-DCM_C,"DL-Histidine, 15N",9.73,20829912,86560,920077,0.4,molecules1
molecules1,190715_Smp_FK180310S77C1-25m_A,"DL-Histidine, 15N",9.76,11351342,0,657960,0,molecules1
molecules1,190715_Smp_FK180310S77C1-25m_B,"DL-Histidine, 15N",9.75,13683065,0,689066,0.6,molecules1
molecules1,190715_Smp_FK180310S77C1-25m_C,"DL-Histidine, 15N",9.76,17015112,0,876732,0.7,molecules1
molecules1,190715_Smp_FK180310S77C1-DCM_A,"DL-Histidine, 15N",9.61,23637134,0,1137339,0.8,molecules1
molecules1,190715_Smp_FK180310S77C1-DCM_B,"DL-Histidine, 15N",9.69,21067882,0,1059571,0.7,molecules1
molecules1,190715_Smp_FK180310S77C1-DCM_C,"DL-Histidine, 15N",9.7,14221297,0,828634,0,molecules1
molecules1,190715_Smp_FK180310S80C1-25m_A,"DL-Histidine, 15N",9.74,12438613,109418,637673,0.1,molecules1
molecules1,190715_Smp_FK180310S80C1-25m_B,"DL-Histidine, 15N",9.58,20067906,0,1073609,1,molecules1
molecules1,190715_Smp_FK180310S80C1-25m_C,"DL-Histidine, 15N",9.73,18431762,0,991048,0.9,molecules1
molecules1,190715_Smp_FK180310S80C1-DCM_A,"DL-Histidine, 15N",9.7,13809702,125835,688324,0.5,molecules1
molecules1,190715_Smp_FK180310S80C1-DCM_B,"DL-Histidine, 15N",9.73,14194766,0,768318,0.7,molecules1
molecules1,190715_Smp_FK180310S80C1-DCM_C,"DL-Histidine, 15N",9.61,18388428,0,832265,1,molecules1
molecules1,190715_Std_4uMStdsMix1InH2O_1,"DL-Proline, D7",10.72,253371,0,38564,-5,molecules1
molecules1,190715_Std_4uMStdsMix1InH2O_2,"DL-Proline, D7",9.5,21625,0,13420,-3.9,molecules1
molecules1,190715_Std_4uMStdsMix2InH2O_1,"DL-Proline, D7",9.54,173392,0,37317,-4.5,molecules1
molecules1,190715_Std_4uMStdsMix2InH2O_2,"DL-Proline, D7",9.47,0,0,0,#N/A,molecules1
molecules1,190715_Std_4uMStdsMix1InMatrix_1,"DL-Proline, D7",8.18,44495260,1113859,2881937,0.9,molecules1
molecules1,190715_Std_4uMStdsMix1InMatrix_2,"DL-Proline, D7",8.36,32945160,0,2369048,1.7,molecules1
molecules1,190715_Std_4uMStdsMix2InMatrix_1,"DL-Proline, D7",8.18,46300776,0,3232686,1.5,molecules1
molecules1,190715_Std_4uMStdsMix2InMatrix_2,"DL-Proline, D7",8.33,35761500,0,2530578,1.7,molecules1
molecules1,190715_Std_H2OinMatrix_1,"DL-Proline, D7",8.18,48460624,832173,3491674,1.5,molecules1
molecules1,190715_Std_H2OinMatrix_2,"DL-Proline, D7",8.35,35082656,0,2552524,1.6,molecules1
molecules1,190715_Poo_QC-KM1906_A,"DL-Proline, D7",8.2,86565096,1281486,5632785,1.5,molecules1
molecules1,190715_Poo_QC-KM1906_B,"DL-Proline, D7",8.27,71564984,1340064,4765493,1.5,molecules1
molecules1,190715_Poo_QC-KM1906_C,"DL-Proline, D7",8.34,68912376,1076481,4672046,1.9,molecules1
molecules1,190715_Poo_QC-KM1906_D,"DL-Proline, D7",8.36,60168876,21541,3981694,2,molecules1
molecules1,190715_Poo_QC-KM1906_E,"DL-Proline, D7",7.48,61963856,841091,3808214,2.3,molecules1
molecules1,190715_Poo_QC-KM1906_F,"DL-Proline, D7",7.48,70227184,1016135,4117929,2.5,molecules1
molecules1,190715_Blk_KM1906U14-Blk_C,"DL-Proline, D7",8.29,69877192,1022790,4208607,1.3,molecules1
molecules1,190715_Poo_TruePooFK180310_Full1,"DL-Proline, D7",7.45,63164204,539429,3704328,2.2,molecules1
molecules1,190715_Poo_TruePooFK180310_Full2,"DL-Proline, D7",7.51,53081028,0,2983058,2.2,molecules1
molecules1,190715_Poo_TruePooFK180310_Full3,"DL-Proline, D7",7.51,56724076,67971,3343856,2.2,molecules1
molecules1,190715_Poo_TruePooFK180310_Half1,"DL-Proline, D7",8.34,33496074,305897,2182778,2.3,molecules1
molecules1,190715_Poo_TruePooFK180310_Half2,"DL-Proline, D7",7.47,27007452,42041,1681049,1.9,molecules1
molecules1,190715_Poo_TruePooFK180310_Half3,"DL-Proline, D7",7.5,30877444,0,1910602,2.3,molecules1
molecules1,190715_Smp_FK180310S62C1-25m_A,"DL-Proline, D7",7.5,56769496,0,3421690,2.2,molecules1
molecules1,190715_Smp_FK180310S62C1-25m_B,"DL-Proline, D7",7.5,62159420,592453,3584396,1.9,molecules1
molecules1,190715_Smp_FK180310S62C1-25m_C,"DL-Proline, D7",7.44,66795100,986844,3991698,1.8,molecules1
molecules1,190715_Smp_FK180310S62C1-DCM_A,"DL-Proline, D7",7.5,70998552,824183,4146220,2.8,molecules1
molecules1,190715_Smp_FK180310S62C1-DCM_B,"DL-Proline, D7",7.52,100479504,1189654,5268126,2.2,molecules1
molecules1,190715_Smp_FK180310S62C1-DCM_C,"DL-Proline, D7",7.47,59597812,786148,3501357,1.5,molecules1
molecules1,190715_Smp_FK180310S64C1-25m_A,"DL-Proline, D7",7.5,63718604,512048,3494219,1.3,molecules1
molecules1,190715_Smp_FK180310S64C1-25m_B,"DL-Proline, D7",7.49,62812740,821047,3552246,2.1,molecules1
molecules1,190715_Smp_FK180310S64C1-25m_C,"DL-Proline, D7",7.51,60775136,0,3549149,2.2,molecules1
molecules1,190715_Smp_FK180310S64C1-DCM_A,"DL-Proline, D7",7.53,61370456,1023392,3604457,2.4,molecules1
molecules1,190715_Smp_FK180310S64C1-DCM_B,"DL-Proline, D7",7.51,58087292,784028,3258463,2.3,molecules1
molecules1,190715_Smp_FK180310S64C1-DCM_C,"DL-Proline, D7",7.48,69782144,1053936,4133656,1.7,molecules1
molecules1,190715_Smp_FK180310S77C1-25m_A,"DL-Proline, D7",7.48,53263348,70110,3110094,1.3,molecules1
molecules1,190715_Smp_FK180310S77C1-25m_B,"DL-Proline, D7",7.44,46823180,380383,2551988,1.9,molecules1
molecules1,190715_Smp_FK180310S77C1-25m_C,"DL-Proline, D7",7.48,57292896,548144,3264872,1.8,molecules1
molecules1,190715_Smp_FK180310S77C1-DCM_A,"DL-Proline, D7",7.47,65348512,966219,4137648,1.9,molecules1
molecules1,190715_Smp_FK180310S77C1-DCM_B,"DL-Proline, D7",7.49,65937920,750623,3753522,1.8,molecules1
molecules1,190715_Smp_FK180310S77C1-DCM_C,"DL-Proline, D7",7.51,62677524,870602,3666949,1.7,molecules1
molecules1,190715_Smp_FK180310S80C1-25m_A,"DL-Proline, D7",7.48,55025864,374218,3114424,1.4,molecules1
molecules1,190715_Smp_FK180310S80C1-25m_B,"DL-Proline, D7",7.49,65988760,998098,3946842,2.4,molecules1
molecules1,190715_Smp_FK180310S80C1-25m_C,"DL-Proline, D7",7.5,60326056,608470,3479418,2.1,molecules1
molecules1,190715_Smp_FK180310S80C1-DCM_A,"DL-Proline, D7",7.44,52665324,0,2944327,1.9,molecules1
molecules1,190715_Smp_FK180310S80C1-DCM_B,"DL-Proline, D7",7.48,61991648,227702,3602941,1.8,molecules1
molecules1,190715_Smp_FK180310S80C1-DCM_C,"DL-Proline, D7",7.47,54561568,857512,3291252,2.2,molecules1
molecules1,190715_Std_4uMStdsMix1InH2O_1,"DL-Valine, D8",8.88,0,0,0,#N/A,molecules1
molecules1,190715_Std_4uMStdsMix1InH2O_2,"DL-Valine, D8",8.99,0,0,0,#N/A,molecules1
molecules1,190715_Std_4uMStdsMix2InH2O_1,"DL-Valine, D8",9,0,0,0,#N/A,molecules1
molecules1,190715_Std_4uMStdsMix2InH2O_2,"DL-Valine, D8",8.95,0,0,0,#N/A,molecules1
molecules1,190715_Std_4uMStdsMix1InMatrix_1,"DL-Valine, D8",7.88,9264288,0,538563,0.5,molecules1
molecules1,190715_Std_4uMStdsMix1InMatrix_2,"DL-Valine, D8",8,6996368,0,444234,1.1,molecules1
molecules1,190715_Std_4uMStdsMix2InMatrix_1,"DL-Valine, D8",7.89,9518058,0,579895,0.9,molecules1
molecules1,190715_Std_4uMStdsMix2InMatrix_2,"DL-Valine, D8",8.03,7166556,0,442395,1.1,molecules1
molecules1,190715_Std_H2OinMatrix_1,"DL-Valine, D8",7.88,10296367,0,624783,0.9,molecules1
molecules1,190715_Std_H2OinMatrix_2,"DL-Valine, D8",8.03,7207416,0,446412,1,molecules1
molecules1,190715_Poo_QC-KM1906_A,"DL-Valine, D8",7.91,18393248,0,1098023,0.8,molecules1
molecules1,190715_Poo_QC-KM1906_B,"DL-Valine, D8",8,15298629,0,950370,1,molecules1
molecules1,190715_Poo_QC-KM1906_C,"DL-Valine, D8",8.03,14432438,0,828860,1.4,molecules1
molecules1,190715_Poo_QC-KM1906_D,"DL-Valine, D8",8.06,12796727,0,761508,1.4,molecules1
molecules1,190715_Poo_QC-KM1906_E,"DL-Valine, D8",7.09,14359924,0,776396,1.6,molecules1
molecules1,190715_Poo_QC-KM1906_F,"DL-Valine, D8",7.07,16652255,0,789380,1.7,molecules1
molecules1,190715_Blk_KM1906U14-Blk_C,"DL-Valine, D8",8.02,15161029,0,843238,0.7,molecules1
molecules1,190715_Poo_TruePooFK180310_Full1,"DL-Valine, D8",7.06,16680371,0,824855,1.4,molecules1
molecules1,190715_Poo_TruePooFK180310_Full2,"DL-Valine, D8",7.09,11144339,0,560467,1.5,molecules1
molecules1,190715_Poo_TruePooFK180310_Full3,"DL-Valine, D8",7.07,13772679,91525,670818,1.8,molecules1
molecules1,190715_Poo_TruePooFK180310_Half1,"DL-Valine, D8",7.96,7355838,0,392650,1.8,molecules1
molecules1,190715_Poo_TruePooFK180310_Half2,"DL-Valine, D8",7.09,5673649,0,322265,1.3,molecules1
molecules1,190715_Poo_TruePooFK180310_Half3,"DL-Valine, D8",7.07,7363437,0,380090,1.7,molecules1
molecules1,190715_Smp_FK180310S62C1-25m_A,"DL-Valine, D8",7.09,13051762,0,731947,1.7,molecules1
molecules1,190715_Smp_FK180310S62C1-25m_B,"DL-Valine, D8",7.06,16044790,0,864971,1.2,molecules1
molecules1,190715_Smp_FK180310S62C1-25m_C,"DL-Valine, D8",7.01,15405302,0,793295,1.2,molecules1
molecules1,190715_Smp_FK180310S62C1-DCM_A,"DL-Valine, D8",7.07,16883638,0,839692,2.2,molecules1
molecules1,190715_Smp_FK180310S62C1-DCM_B,"DL-Valine, D8",7.04,23404258,0,1124405,1.5,molecules1
molecules1,190715_Smp_FK180310S62C1-DCM_C,"DL-Valine, D8",7.03,15410837,0,780678,1,molecules1
molecules1,190715_Smp_FK180310S64C1-25m_A,"DL-Valine, D8",7.01,16387244,0,742465,0.8,molecules1
molecules1,190715_Smp_FK180310S64C1-25m_B,"DL-Valine, D8",7.04,13592603,0,677417,1.5,molecules1
molecules1,190715_Smp_FK180310S64C1-25m_C,"DL-Valine, D8",7.1,13978030,0,710141,1.6,molecules1
molecules1,190715_Smp_FK180310S64C1-DCM_A,"DL-Valine, D8",7.07,14144189,0,725656,2,molecules1
molecules1,190715_Smp_FK180310S64C1-DCM_B,"DL-Valine, D8",7.1,15356559,0,860421,1.8,molecules1
molecules1,190715_Smp_FK180310S64C1-DCM_C,"DL-Valine, D8",7.04,17330588,0,871984,1.1,molecules1
molecules1,190715_Smp_FK180310S77C1-25m_A,"DL-Valine, D8",7.03,13688413,0,671785,0.8,molecules1
molecules1,190715_Smp_FK180310S77C1-25m_B,"DL-Valine, D8",7.03,10587194,0,522766,1.4,molecules1
molecules1,190715_Smp_FK180310S77C1-25m_C,"DL-Valine, D8",7.09,13412201,0,690852,1.4,molecules1
molecules1,190715_Smp_FK180310S77C1-DCM_A,"DL-Valine, D8",7.04,16090399,0,825075,1.4,molecules1
molecules1,190715_Smp_FK180310S77C1-DCM_B,"DL-Valine, D8",7.06,14682530,0,708905,1.2,molecules1
molecules1,190715_Smp_FK180310S77C1-DCM_C,"DL-Valine, D8",7.07,16512378,0,793472,1,molecules1
molecules1,190715_Smp_FK180310S80C1-25m_A,"DL-Valine, D8",7.04,14006848,0,695521,0.8,molecules1
molecules1,190715_Smp_FK180310S80C1-25m_B,"DL-Valine, D8",7.01,17865352,0,886653,1.9,molecules1
molecules1,190715_Smp_FK180310S80C1-25m_C,"DL-Valine, D8",7.07,14731275,0,753626,1.5,molecules1
molecules1,190715_Smp_FK180310S80C1-DCM_A,"DL-Valine, D8",7.01,12619338,0,652549,1.6,molecules1
molecules1,190715_Smp_FK180310S80C1-DCM_B,"DL-Valine, D8",7.03,15284519,0,736557,1.2,molecules1
molecules1,190715_Smp_FK180310S80C1-DCM_C,"DL-Valine, D8",7.06,12576394,0,628720,1.7,molecules1
molecules1,190715_Std_4uMStdsMix1InH2O_1,"L-Isoleucine, 15N",6.1,47835,0,17310,0.5,molecules1
molecules1,190715_Std_4uMStdsMix1InH2O_2,"L-Isoleucine, 15N",6.22,26706,0,14507,1.1,molecules1
molecules1,190715_Std_4uMStdsMix2InH2O_1,"L-Isoleucine, 15N",7.73,0,0,0,#N/A,molecules1
molecules1,190715_Std_4uMStdsMix2InH2O_2,"L-Isoleucine, 15N",7.24,0,0,0,#N/A,molecules1
molecules1,190715_Std_4uMStdsMix1InMatrix_1,"L-Isoleucine, 15N",6.63,6190330,0,304345,0.3,molecules1
molecules1,190715_Std_4uMStdsMix1InMatrix_2,"L-Isoleucine, 15N",6.73,4277665,0,232297,0.7,molecules1
molecules1,190715_Std_4uMStdsMix2InMatrix_1,"L-Isoleucine, 15N",6.59,5880592,0,318581,0.3,molecules1
molecules1,190715_Std_4uMStdsMix2InMatrix_2,"L-Isoleucine, 15N",6.74,5042657,0,281115,0.4,molecules1
molecules1,190715_Std_H2OinMatrix_1,"L-Isoleucine, 15N",6.54,6586955,0,356488,0.3,molecules1
molecules1,190715_Std_H2OinMatrix_2,"L-Isoleucine, 15N",6.76,4596117,0,244468,0.5,molecules1
molecules1,190715_Poo_QC-KM1906_A,"L-Isoleucine, 15N",6.63,11312759,0,575559,0.3,molecules1
molecules1,190715_Poo_QC-KM1906_B,"L-Isoleucine, 15N",6.74,9936627,0,514968,0.6,molecules1
molecules1,190715_Poo_QC-KM1906_C,"L-Isoleucine, 15N",6.77,9494579,0,478191,0.9,molecules1
molecules1,190715_Poo_QC-KM1906_D,"L-Isoleucine, 15N",6.83,8707015,0,463335,0.8,molecules1
molecules1,190715_Poo_QC-KM1906_E,"L-Isoleucine, 15N",5.69,8330864,0,359080,0.9,molecules1
molecules1,190715_Poo_QC-KM1906_F,"L-Isoleucine, 15N",5.68,9844969,0,397086,0.8,molecules1
molecules1,190715_Blk_KM1906U14-Blk_C,"L-Isoleucine, 15N",6.72,10447159,0,544215,0.5,molecules1
molecules1,190715_Poo_TruePooFK180310_Full1,"L-Isoleucine, 15N",5.61,10332243,0,504923,0.9,molecules1
molecules1,190715_Poo_TruePooFK180310_Full2,"L-Isoleucine, 15N",5.67,6164790,0,296842,0.7,molecules1
molecules1,190715_Poo_TruePooFK180310_Full3,"L-Isoleucine, 15N",5.7,7284420,0,392350,0.7,molecules1
molecules1,190715_Poo_TruePooFK180310_Half1,"L-Isoleucine, 15N",6.68,4860867,0,262426,1.4,molecules1
molecules1,190715_Poo_TruePooFK180310_Half2,"L-Isoleucine, 15N",5.71,2961583,0,146865,0.3,molecules1
molecules1,190715_Poo_TruePooFK180310_Half3,"L-Isoleucine, 15N",5.64,3882487,0,182638,0.7,molecules1
molecules1,190715_Smp_FK180310S62C1-25m_A,"L-Isoleucine, 15N",5.71,8512757,0,385327,1.1,molecules1
molecules1,190715_Smp_FK180310S62C1-25m_B,"L-Isoleucine, 15N",5.68,9892007,0,467014,0.4,molecules1
molecules1,190715_Smp_FK180310S62C1-25m_C,"L-Isoleucine, 15N",5.64,6723085,0,352823,0.1,molecules1
molecules1,190715_Smp_FK180310S62C1-DCM_A,"L-Isoleucine, 15N",5.73,10163051,0,473451,1.5,molecules1
molecules1,190715_Smp_FK180310S62C1-DCM_B,"L-Isoleucine, 15N",5.68,12989544,0,523215,0.4,molecules1
molecules1,190715_Smp_FK180310S62C1-DCM_C,"L-Isoleucine, 15N",5.69,9256007,0,432349,0.1,molecules1
molecules1,190715_Smp_FK180310S64C1-25m_A,"L-Isoleucine, 15N",5.72,10490391,0,463907,0.2,molecules1
molecules1,190715_Smp_FK180310S64C1-25m_B,"L-Isoleucine, 15N",5.67,6889724,0,301365,0.8,molecules1
molecules1,190715_Smp_FK180310S64C1-25m_C,"L-Isoleucine, 15N",5.74,7268565,0,332261,0.1,molecules1
molecules1,190715_Smp_FK180310S64C1-DCM_A,"L-Isoleucine, 15N",5.74,7990056,45309,365666,1.2,molecules1
molecules1,190715_Smp_FK180310S64C1-DCM_B,"L-Isoleucine, 15N",5.71,8629580,0,355865,0.6,molecules1
molecules1,190715_Smp_FK180310S64C1-DCM_C,"L-Isoleucine, 15N",5.75,10157480,0,414166,0.1,molecules1
molecules1,190715_Smp_FK180310S77C1-25m_A,"L-Isoleucine, 15N",5.68,8409586,0,400409,0.2,molecules1
molecules1,190715_Smp_FK180310S77C1-25m_B,"L-Isoleucine, 15N",5.66,6056710,23746,315827,0.9,molecules1
molecules1,190715_Smp_FK180310S77C1-25m_C,"L-Isoleucine, 15N",5.71,7752264,0,388721,1,molecules1
molecules1,190715_Smp_FK180310S77C1-DCM_A,"L-Isoleucine, 15N",5.61,9984144,0,459797,0.7,molecules1
molecules1,190715_Smp_FK180310S77C1-DCM_B,"L-Isoleucine, 15N",5.65,8202066,0,378686,0.8,molecules1
molecules1,190715_Smp_FK180310S77C1-DCM_C,"L-Isoleucine, 15N",5.7,10117562,0,432090,0.3,molecules1
molecules1,190715_Smp_FK180310S80C1-25m_A,"L-Isoleucine, 15N",5.62,8190757,0,407807,0.2,molecules1
molecules1,190715_Smp_FK180310S80C1-25m_B,"L-Isoleucine, 15N",5.62,11413889,0,542997,1.3,molecules1
molecules1,190715_Smp_FK180310S80C1-25m_C,"L-Isoleucine, 15N",5.74,9284112,0,398054,0.8,molecules1
molecules1,190715_Smp_FK180310S80C1-DCM_A,"L-Isoleucine, 15N",5.64,7195855,0,304304,0.8,molecules1
molecules1,190715_Smp_FK180310S80C1-DCM_B,"L-Isoleucine, 15N",5.66,9439496,0,430250,0.5,molecules1
molecules1,190715_Smp_FK180310S80C1-DCM_C,"L-Isoleucine, 15N",5.74,7498901,0,335509,0.8,molecules1
molecules1,190715_Std_4uMStdsMix1InH2O_1,"L-Methionine, D3",10.2,250412,122434,34260,0.4,molecules1
molecules1,190715_Std_4uMStdsMix1InH2O_2,"L-Methionine, D3",10.85,415170,0,33896,0,molecules1
molecules1,190715_Std_4uMStdsMix2InH2O_1,"L-Methionine, D3",8.03,115018,353056,20615,0.2,molecules1
molecules1,190715_Std_4uMStdsMix2InH2O_2,"L-Methionine, D3",7.97,475442,0,49640,0.4,molecules1
molecules1,190715_Std_4uMStdsMix1InMatrix_1,"L-Methionine, D3",6.95,17728974,0,882210,0.2,molecules1
molecules1,190715_Std_4uMStdsMix1InMatrix_2,"L-Methionine, D3",7.07,13532143,0,683728,0.4,molecules1
molecules1,190715_Std_4uMStdsMix2InMatrix_1,"L-Methionine, D3",6.94,16852150,0,825752,0.2,molecules1
molecules1,190715_Std_4uMStdsMix2InMatrix_2,"L-Methionine, D3",7.01,13070148,1324975,677892,0.3,molecules1
molecules1,190715_Std_H2OinMatrix_1,"L-Methionine, D3",6.92,17855596,2314261,999329,0.4,molecules1
molecules1,190715_Std_H2OinMatrix_2,"L-Methionine, D3",7.15,10721039,2630276,653681,0.3,molecules1
molecules1,190715_Poo_QC-KM1906_A,"L-Methionine, D3",6.97,27150330,3213724,1456241,0.2,molecules1
molecules1,190715_Poo_QC-KM1906_B,"L-Methionine, D3",7.07,26886266,138281,1382083,0.3,molecules1
molecules1,190715_Poo_QC-KM1906_C,"L-Methionine, D3",7.12,22615794,1385880,1122740,0.8,molecules1
molecules1,190715_Poo_QC-KM1906_D,"L-Methionine, D3",7.15,20140240,977804,986550,0.6,molecules1
molecules1,190715_Poo_QC-KM1906_E,"L-Methionine, D3",5.98,18607840,2149051,794553,1.2,molecules1
molecules1,190715_Poo_QC-KM1906_F,"L-Methionine, D3",5.91,19777684,2717755,752472,1.3,molecules1
molecules1,190715_Blk_KM1906U14-Blk_C,"L-Methionine, D3",7.09,25442540,2400130,1194576,0.1,molecules1
molecules1,190715_Poo_TruePooFK180310_Full1,"L-Methionine, D3",5.9,31897402,815003,1246192,1.1,molecules1
molecules1,190715_Poo_TruePooFK180310_Full2,"L-Methionine, D3",5.95,20732158,10873,759697,1.1,molecules1
molecules1,190715_Poo_TruePooFK180310_Full3,"L-Methionine, D3",5.99,22659510,1328848,803839,1.3,molecules1
molecules1,190715_Poo_TruePooFK180310_Half1,"L-Methionine, D3",6.97,14656949,2420630,720209,1.1,molecules1
molecules1,190715_Poo_TruePooFK180310_Half2,"L-Methionine, D3",5.96,10019593,1492509,372407,0.8,molecules1
molecules1,190715_Poo_TruePooFK180310_Half3,"L-Methionine, D3",5.96,11458705,1734043,444790,1.1,molecules1
molecules1,190715_Smp_FK180310S62C1-25m_A,"L-Methionine, D3",6.02,24220720,2601812,941428,1.2,molecules1
molecules1,190715_Smp_FK180310S62C1-25m_B,"L-Methionine, D3",5.95,28139764,2341268,1093812,0.8,molecules1
molecules1,190715_Smp_FK180310S62C1-25m_C,"L-Methionine, D3",5.9,25356728,0,954729,1,molecules1
molecules1,190715_Smp_FK180310S62C1-DCM_A,"L-Methionine, D3",6.02,29153748,2223217,1081699,1.6,molecules1
molecules1,190715_Smp_FK180310S62C1-DCM_B,"L-Methionine, D3",5.93,39560040,547776,1578836,1.2,molecules1
molecules1,190715_Smp_FK180310S62C1-DCM_C,"L-Methionine, D3",5.93,26047536,2526453,1021251,0.6,molecules1
molecules1,190715_Smp_FK180310S64C1-25m_A,"L-Methionine, D3",5.92,27028970,2765062,1022933,0.4,molecules1
molecules1,190715_Smp_FK180310S64C1-25m_B,"L-Methionine, D3",5.96,22433066,1757559,835436,1.1,molecules1
molecules1,190715_Smp_FK180310S64C1-25m_C,"L-Methionine, D3",5.99,24241466,0,900901,1.2,molecules1
molecules1,190715_Smp_FK180310S64C1-DCM_A,"L-Methionine, D3",6.02,26016938,121131,951910,1.3,molecules1
molecules1,190715_Smp_FK180310S64C1-DCM_B,"L-Methionine, D3",6.07,22799004,2522869,791345,1,molecules1
molecules1,190715_Smp_FK180310S64C1-DCM_C,"L-Methionine, D3",5.98,27256020,2852256,1048238,0.5,molecules1
molecules1,190715_Smp_FK180310S77C1-25m_A,"L-Methionine, D3",5.91,22426286,2186565,854140,0.4,molecules1
molecules1,190715_Smp_FK180310S77C1-25m_B,"L-Methionine, D3",5.95,17791272,1611037,625537,0.9,molecules1
molecules1,190715_Smp_FK180310S77C1-25m_C,"L-Methionine, D3",6.02,22237402,2047598,851646,0.8,molecules1
molecules1,190715_Smp_FK180310S77C1-DCM_A,"L-Methionine, D3",5.93,20887116,2700816,800342,0.7,molecules1
molecules1,190715_Smp_FK180310S77C1-DCM_B,"L-Methionine, D3",5.9,25577500,2018197,971798,0.8,molecules1
molecules1,190715_Smp_FK180310S77C1-DCM_C,"L-Methionine, D3",5.91,27688746,3009632,1010047,0.4,molecules1
molecules1,190715_Smp_FK180310S80C1-25m_A,"L-Methionine, D3",5.91,21525286,2492771,815068,0.3,molecules1
molecules1,190715_Smp_FK180310S80C1-25m_B,"L-Methionine, D3",5.91,32267470,2131162,1239096,1.4,molecules1
molecules1,190715_Smp_FK180310S80C1-25m_C,"L-Methionine, D3",6.01,27847922,1921069,1161735,0.9,molecules1
molecules1,190715_Smp_FK180310S80C1-DCM_A,"L-Methionine, D3",5.86,21735856,2021744,821247,0.8,molecules1
molecules1,190715_Smp_FK180310S80C1-DCM_B,"L-Methionine, D3",5.89,25343960,2626168,960646,0.9,molecules1
molecules1,190715_Smp_FK180310S80C1-DCM_C,"L-Methionine, D3",5.95,21946352,1847412,869723,1.2,molecules1
molecules1,190715_Std_4uMStdsMix1InH2O_1,"Betaine, 13C5-15N",7.13,0,0,0,#N/A,molecules1
molecules1,190715_Std_4uMStdsMix1InH2O_2,"Betaine, 13C5-15N",7.19,0,0,0,#N/A,molecules1
molecules1,190715_Std_4uMStdsMix2InH2O_1,"Betaine, 13C5-15N",7.13,0,0,0,#N/A,molecules1
molecules1,190715_Std_4uMStdsMix2InH2O_2,"Betaine, 13C5-15N",7.24,0,0,0,#N/A,molecules1
molecules1,190715_Std_4uMStdsMix1InMatrix_1,"Betaine, 13C5-15N",6.45,305131360,5128019,14579268,-3.4,molecules1
molecules1,190715_Std_4uMStdsMix1InMatrix_2,"Betaine, 13C5-15N",6.58,282786144,4891349,14567719,-3,molecules1
molecules1,190715_Std_4uMStdsMix2InMatrix_1,"Betaine, 13C5-15N",6.43,300515776,5190369,15542025,-3.2,molecules1
molecules1,190715_Std_4uMStdsMix2InMatrix_2,"Betaine, 13C5-15N",6.58,296164704,4039611,15066388,-3.3,molecules1
molecules1,190715_Std_H2OinMatrix_1,"Betaine, 13C5-15N",6.45,328873312,3195320,15437565,-3.3,molecules1
molecules1,190715_Std_H2OinMatrix_2,"Betaine, 13C5-15N",6.61,305346752,4521219,15556949,-3.3,molecules1
molecules1,190715_Poo_QC-KM1906_A,"Betaine, 13C5-15N",6.43,509523584,8619445,25280252,-3.4,molecules1
molecules1,190715_Poo_QC-KM1906_B,"Betaine, 13C5-15N",6.5,498988224,8001814,24702332,-3.2,molecules1
molecules1,190715_Poo_QC-KM1906_C,"Betaine, 13C5-15N",6.56,481542944,10798819,25636134,-2.7,molecules1
molecules1,190715_Poo_QC-KM1906_D,"Betaine, 13C5-15N",6.64,520661984,10046752,26079440,-2.9,molecules1
molecules1,190715_Poo_QC-KM1906_E,"Betaine, 13C5-15N",5.69,503653088,7632448,22642342,-2.4,molecules1
molecules1,190715_Poo_QC-KM1906_F,"Betaine, 13C5-15N",5.74,770746432,7342380,33796312,-2.5,molecules1
molecules1,190715_Blk_KM1906U14-Blk_C,"Betaine, 13C5-15N",6.51,484285568,9287528,24775220,-3.5,molecules1
molecules1,190715_Poo_TruePooFK180310_Full1,"Betaine, 13C5-15N",5.72,508393504,8659630,24314408,-2.5,molecules1
molecules1,190715_Poo_TruePooFK180310_Full2,"Betaine, 13C5-15N",5.72,471269088,6507528,21295280,-2.6,molecules1
molecules1,190715_Poo_TruePooFK180310_Full3,"Betaine, 13C5-15N",5.73,725311616,9906376,31915546,-2.5,molecules1
molecules1,190715_Poo_TruePooFK180310_Half1,"Betaine, 13C5-15N",6.63,248100272,4245462,12619567,-2.3,molecules1
molecules1,190715_Poo_TruePooFK180310_Half2,"Betaine, 13C5-15N",5.72,247533344,3329562,11194853,-2.9,molecules1
molecules1,190715_Poo_TruePooFK180310_Half3,"Betaine, 13C5-15N",5.72,345600032,4737155,15314410,-2.4,molecules1
molecules1,190715_Smp_FK180310S62C1-25m_A,"Betaine, 13C5-15N",5.75,458411360,6261378,20531116,-2.4,molecules1
molecules1,190715_Smp_FK180310S62C1-25m_B,"Betaine, 13C5-15N",5.74,743642048,10676342,31760794,-2.9,molecules1
molecules1,190715_Smp_FK180310S62C1-25m_C,"Betaine, 13C5-15N",5.76,459707424,7242093,20366338,-2.8,molecules1
molecules1,190715_Smp_FK180310S62C1-DCM_A,"Betaine, 13C5-15N",5.73,489121024,8433116,23238698,-2.1,molecules1
molecules1,190715_Smp_FK180310S62C1-DCM_B,"Betaine, 13C5-15N",5.77,669965888,10216081,30507836,-2.5,molecules1
molecules1,190715_Smp_FK180310S62C1-DCM_C,"Betaine, 13C5-15N",5.78,748240384,10242325,31898080,-3.2,molecules1
molecules1,190715_Smp_FK180310S64C1-25m_A,"Betaine, 13C5-15N",5.72,717082496,10203250,31537308,-3.2,molecules1
molecules1,190715_Smp_FK180310S64C1-25m_B,"Betaine, 13C5-15N",5.74,391621984,5898012,18224280,-2.5,molecules1
molecules1,190715_Smp_FK180310S64C1-25m_C,"Betaine, 13C5-15N",5.8,480931168,8154351,21942558,-2.5,molecules1
molecules1,190715_Smp_FK180310S64C1-DCM_A,"Betaine, 13C5-15N",5.74,453736448,6860367,20780848,-2.4,molecules1
molecules1,190715_Smp_FK180310S64C1-DCM_B,"Betaine, 13C5-15N",5.75,695292928,9761009,31595092,-2.7,molecules1
molecules1,190715_Smp_FK180310S64C1-DCM_C,"Betaine, 13C5-15N",5.74,781160832,10010548,34695056,-3.2,molecules1
molecules1,190715_Smp_FK180310S77C1-25m_A,"Betaine, 13C5-15N",5.74,693352256,10453594,31366826,-3.4,molecules1
molecules1,190715_Smp_FK180310S77C1-25m_B,"Betaine, 13C5-15N",5.66,440859328,5089657,21030128,-2.8,molecules1
molecules1,190715_Smp_FK180310S77C1-25m_C,"Betaine, 13C5-15N",5.75,434456576,5448059,19484938,-2.8,molecules1
molecules1,190715_Smp_FK180310S77C1-DCM_A,"Betaine, 13C5-15N",5.71,501848896,6638968,22479384,-2.8,molecules1
molecules1,190715_Smp_FK180310S77C1-DCM_B,"Betaine, 13C5-15N",5.71,486020000,6939646,21679950,-2.7,molecules1
molecules1,190715_Smp_FK180310S77C1-DCM_C,"Betaine, 13C5-15N",5.73,757080128,11212569,33935772,-3.2,molecules1
molecules1,190715_Smp_FK180310S80C1-25m_A,"Betaine, 13C5-15N",5.76,702005760,9996908,32273904,-3.4,molecules1
molecules1,190715_Smp_FK180310S80C1-25m_B,"Betaine, 13C5-15N",5.7,525478592,7256653,23468286,-2.3,molecules1
molecules1,190715_Smp_FK180310S80C1-25m_C,"Betaine, 13C5-15N",5.78,501535328,7186286,22296694,-2.7,molecules1
molecules1,190715_Smp_FK180310S80C1-DCM_A,"Betaine, 13C5-15N",5.66,468436800,6932793,21464328,-2.8,molecules1
molecules1,190715_Smp_FK180310S80C1-DCM_B,"Betaine, 13C5-15N",5.72,729688640,10017157,32552772,-3,molecules1
molecules1,190715_Smp_FK180310S80C1-DCM_C,"Betaine, 13C5-15N",5.72,483414560,6463123,21988012,-2.5,molecules1
molecules1,190715_Std_4uMStdsMix1InH2O_1,"Adenine, 15N2",4.64,183686,0,35451,-5.8,molecules1
molecules1,190715_Std_4uMStdsMix1InH2O_2,"Adenine, 15N2",4.63,55851,0,21965,-3.9,molecules1
molecules1,190715_Std_4uMStdsMix2InH2O_1,"Adenine, 15N2",4.6,0,0,0,#N/A,molecules1
molecules1,190715_Std_4uMStdsMix2InH2O_2,"Adenine, 15N2",4.85,15409771,0,3678832,-8.6,molecules1
molecules1,190715_Std_4uMStdsMix1InMatrix_1,"Adenine, 15N2",4.11,215806096,0,10667874,-4.8,molecules1
molecules1,190715_Std_4uMStdsMix1InMatrix_2,"Adenine, 15N2",4.22,193746896,1730050,10408719,-4.4,molecules1
molecules1,190715_Std_4uMStdsMix2InMatrix_1,"Adenine, 15N2",4.12,230771184,1790155,12549242,-4.3,molecules1
molecules1,190715_Std_4uMStdsMix2InMatrix_2,"Adenine, 15N2",4.22,202589584,1764535,11311624,-4.5,molecules1
molecules1,190715_Std_H2OinMatrix_1,"Adenine, 15N2",4.14,194785152,3325750,9139232,-4.4,molecules1
molecules1,190715_Std_H2OinMatrix_2,"Adenine, 15N2",4.22,198997568,2637644,10672813,-4.3,molecules1
molecules1,190715_Poo_QC-KM1906_A,"Adenine, 15N2",4.14,288406400,9584027,14596346,-4.9,molecules1
molecules1,190715_Poo_QC-KM1906_B,"Adenine, 15N2",4.14,284069920,2211490,14612118,-4.6,molecules1
molecules1,190715_Poo_QC-KM1906_C,"Adenine, 15N2",4.2,276568768,6989099,12662033,-4.1,molecules1
molecules1,190715_Poo_QC-KM1906_D,"Adenine, 15N2",4.24,293294560,1479650,14782553,-4.3,molecules1
molecules1,190715_Poo_QC-KM1906_E,"Adenine, 15N2",3.81,174924976,1213273,10542957,-3.9,molecules1
molecules1,190715_Poo_QC-KM1906_F,"Adenine, 15N2",3.83,252376320,1999649,15617120,-3.9,molecules1
molecules1,190715_Blk_KM1906U14-Blk_C,"Adenine, 15N2",4.17,808875008,7445422,41217376,-4.8,molecules1
molecules1,190715_Poo_TruePooFK180310_Full1,"Adenine, 15N2",3.79,611487296,2237139,39065436,-3.8,molecules1
molecules1,190715_Poo_TruePooFK180310_Full2,"Adenine, 15N2",3.84,436896640,4101512,27183330,-3.9,molecules1
molecules1,190715_Poo_TruePooFK180310_Full3,"Adenine, 15N2",3.83,531882848,3719155,32491438,-3.2,molecules1
molecules1,190715_Poo_TruePooFK180310_Half1,"Adenine, 15N2",4.24,345078528,17014146,16812310,-3.8,molecules1
molecules1,190715_Poo_TruePooFK180310_Half2,"Adenine, 15N2",3.82,211053760,2274056,12550072,-4.2,molecules1
molecules1,190715_Poo_TruePooFK180310_Half3,"Adenine, 15N2",3.81,314921824,2254804,19468524,-3.7,molecules1
molecules1,190715_Smp_FK180310S62C1-25m_A,"Adenine, 15N2",3.79,532964384,3417516,33553534,-3.8,molecules1
molecules1,190715_Smp_FK180310S62C1-25m_B,"Adenine, 15N2",3.85,698050496,964661,42773452,-3.9,molecules1
molecules1,190715_Smp_FK180310S62C1-25m_C,"Adenine, 15N2",3.82,510345536,2175830,36005324,-4.1,molecules1
molecules1,190715_Smp_FK180310S62C1-DCM_A,"Adenine, 15N2",3.8,561028032,4430494,32712826,-3.1,molecules1
molecules1,190715_Smp_FK180310S62C1-DCM_B,"Adenine, 15N2",3.82,740958528,6343448,51358488,-3.9,molecules1
molecules1,190715_Smp_FK180310S62C1-DCM_C,"Adenine, 15N2",3.82,739452672,4743071,43136140,-4.4,molecules1
molecules1,190715_Smp_FK180310S64C1-25m_A,"Adenine, 15N2",3.82,700354240,5554081,45590668,-4.4,molecules1
molecules1,190715_Smp_FK180310S64C1-25m_B,"Adenine, 15N2",3.83,426882208,2696668,28099634,-4.1,molecules1
molecules1,190715_Smp_FK180310S64C1-25m_C,"Adenine, 15N2",3.84,503352448,3892837,33400554,-3.9,molecules1
molecules1,190715_Smp_FK180310S64C1-DCM_A,"Adenine, 15N2",3.83,531856928,3967408,31660514,-3.6,molecules1
molecules1,190715_Smp_FK180310S64C1-DCM_B,"Adenine, 15N2",3.81,687558656,2187248,45110016,-3.7,molecules1
molecules1,190715_Smp_FK180310S64C1-DCM_C,"Adenine, 15N2",3.82,745121216,1737150,45033604,-4.3,molecules1
molecules1,190715_Smp_FK180310S77C1-25m_A,"Adenine, 15N2",3.83,585364864,3650391,36697444,-4.7,molecules1
molecules1,190715_Smp_FK180310S77C1-25m_B,"Adenine, 15N2",3.81,416366368,2126812,24884416,-3.8,molecules1
molecules1,190715_Smp_FK180310S77C1-25m_C,"Adenine, 15N2",3.82,478062528,4179669,29427312,-4,molecules1
molecules1,190715_Smp_FK180310S77C1-DCM_A,"Adenine, 15N2",3.8,597301696,3720095,36121004,-4,molecules1
molecules1,190715_Smp_FK180310S77C1-DCM_B,"Adenine, 15N2",3.82,533766560,5047271,32873156,-3.9,molecules1
molecules1,190715_Smp_FK180310S77C1-DCM_C,"Adenine, 15N2",3.83,764741824,5255244,46997524,-4.4,molecules1
molecules1,190715_Smp_FK180310S80C1-25m_A,"Adenine, 15N2",3.83,618659200,4051945,38036176,-4.3,molecules1
molecules1,190715_Smp_FK180310S80C1-25m_B,"Adenine, 15N2",3.83,637299904,369961,38740716,-3.8,molecules1
molecules1,190715_Smp_FK180310S80C1-25m_C,"Adenine, 15N2",3.82,589215872,3440279,37973492,-3.8,molecules1
molecules1,190715_Smp_FK180310S80C1-DCM_A,"Adenine, 15N2",3.81,413584288,2664371,26389704,-3.8,molecules1
molecules1,190715_Smp_FK180310S80C1-DCM_B,"Adenine, 15N2",3.79,639319488,3271485,39500688,-4.2,molecules1
molecules1,190715_Smp_FK180310S80C1-DCM_C,"Adenine, 15N2",3.81,412233056,3133113,25152304,-3.8,molecules1
molecules1,190715_Std_4uMStdsMix1InH2O_1,"Cytosine, 13C2-15N3",6.77,0,0,0,#N/A,molecules1
molecules1,190715_Std_4uMStdsMix1InH2O_2,"Cytosine, 13C2-15N3",6.77,0,0,0,#N/A,molecules1
molecules1,190715_Std_4uMStdsMix2InH2O_1,"Cytosine, 13C2-15N3",6.85,0,0,0,#N/A,molecules1
molecules1,190715_Std_4uMStdsMix2InH2O_2,"Cytosine, 13C2-15N3",6.64,0,0,0,#N/A,molecules1
molecules1,190715_Std_4uMStdsMix1InMatrix_1,"Cytosine, 13C2-15N3",5.99,125333240,1835528,6586360,-2.7,molecules1
molecules1,190715_Std_4uMStdsMix1InMatrix_2,"Cytosine, 13C2-15N3",6.14,108237576,1255621,5960392,-2.3,molecules1
molecules1,190715_Std_4uMStdsMix2InMatrix_1,"Cytosine, 13C2-15N3",6.01,119993552,1034692,6299204,-2.6,molecules1
molecules1,190715_Std_4uMStdsMix2InMatrix_2,"Cytosine, 13C2-15N3",6.13,105030392,1230708,5658734,-2.7,molecules1
molecules1,190715_Std_H2OinMatrix_1,"Cytosine, 13C2-15N3",6.01,135625696,1606343,7231941,-2.6,molecules1
molecules1,190715_Std_H2OinMatrix_2,"Cytosine, 13C2-15N3",6.17,101995984,1632759,5544384,-2.4,molecules1
molecules1,190715_Poo_QC-KM1906_A,"Cytosine, 13C2-15N3",6.01,232724992,3842946,12401638,-2.8,molecules1
molecules1,190715_Poo_QC-KM1906_B,"Cytosine, 13C2-15N3",6.06,222808288,2864856,11597754,-2.5,molecules1
molecules1,190715_Poo_QC-KM1906_C,"Cytosine, 13C2-15N3",6.1,210161088,3746201,11455489,-2,molecules1
molecules1,190715_Poo_QC-KM1906_D,"Cytosine, 13C2-15N3",6.14,196657216,2855476,10988814,-2.1,molecules1
molecules1,190715_Poo_QC-KM1906_E,"Cytosine, 13C2-15N3",5.37,165858688,2447404,9174930,-1.5,molecules1
molecules1,190715_Poo_QC-KM1906_F,"Cytosine, 13C2-15N3",5.38,186422608,2454797,10101944,-1.6,molecules1
molecules1,190715_Blk_KM1906U14-Blk_C,"Cytosine, 13C2-15N3",6.06,224847872,2977175,12184892,-3,molecules1
molecules1,190715_Poo_TruePooFK180310_Full1,"Cytosine, 13C2-15N3",5.39,190248576,3240268,11593551,-1.8,molecules1
molecules1,190715_Poo_TruePooFK180310_Full2,"Cytosine, 13C2-15N3",5.4,98287760,807670,6050490,-1.9,molecules1
molecules1,190715_Poo_TruePooFK180310_Full3,"Cytosine, 13C2-15N3",5.4,127154392,2098151,7187189,-1.5,molecules1
molecules1,190715_Poo_TruePooFK180310_Half1,"Cytosine, 13C2-15N3",6.16,110486528,1780221,6247767,-1.7,molecules1
molecules1,190715_Poo_TruePooFK180310_Half2,"Cytosine, 13C2-15N3",5.39,49229528,805895,2798259,-1.9,molecules1
molecules1,190715_Poo_TruePooFK180310_Half3,"Cytosine, 13C2-15N3",5.4,75476936,1028516,4336795,-1.6,molecules1
molecules1,190715_Smp_FK180310S62C1-25m_A,"Cytosine, 13C2-15N3",5.37,162741184,2044297,9647091,-1.8,molecules1
molecules1,190715_Smp_FK180310S62C1-25m_B,"Cytosine, 13C2-15N3",5.42,208299168,2682608,11993460,-2.1,molecules1
molecules1,190715_Smp_FK180310S62C1-25m_C,"Cytosine, 13C2-15N3",5.41,98856224,0,5817755,-1.7,molecules1
molecules1,190715_Smp_FK180310S62C1-DCM_A,"Cytosine, 13C2-15N3",5.39,190170064,1973554,10837554,-1.5,molecules1
molecules1,190715_Smp_FK180310S62C1-DCM_B,"Cytosine, 13C2-15N3",5.39,239621056,2172361,14102442,-2,molecules1
molecules1,190715_Smp_FK180310S62C1-DCM_C,"Cytosine, 13C2-15N3",5.4,184601152,1845267,10608464,-2.4,molecules1
molecules1,190715_Smp_FK180310S64C1-25m_A,"Cytosine, 13C2-15N3",5.4,205788480,3578667,11421158,-2.4,molecules1
molecules1,190715_Smp_FK180310S64C1-25m_B,"Cytosine, 13C2-15N3",5.39,105373736,1250164,6209562,-1.8,molecules1
molecules1,190715_Smp_FK180310S64C1-25m_C,"Cytosine, 13C2-15N3",5.42,116617496,59861,7068705,-1.6,molecules1
molecules1,190715_Smp_FK180310S64C1-DCM_A,"Cytosine, 13C2-15N3",5.39,127664200,1359962,7387634,-1.7,molecules1
molecules1,190715_Smp_FK180310S64C1-DCM_B,"Cytosine, 13C2-15N3",5.4,171096624,2987790,9811956,-1.9,molecules1
molecules1,190715_Smp_FK180310S64C1-DCM_C,"Cytosine, 13C2-15N3",5.4,191471648,2613829,11840536,-2.2,molecules1
molecules1,190715_Smp_FK180310S77C1-25m_A,"Cytosine, 13C2-15N3",5.4,161775856,2813752,9577707,-2.7,molecules1
molecules1,190715_Smp_FK180310S77C1-25m_B,"Cytosine, 13C2-15N3",5.37,95835816,627144,5873121,-2.1,molecules1
molecules1,190715_Smp_FK180310S77C1-25m_C,"Cytosine, 13C2-15N3",5.4,113978696,1411647,6598725,-2,molecules1
molecules1,190715_Smp_FK180310S77C1-DCM_A,"Cytosine, 13C2-15N3",5.38,202173104,3278551,11478369,-2.3,molecules1
molecules1,190715_Smp_FK180310S77C1-DCM_B,"Cytosine, 13C2-15N3",5.39,137146176,2378417,8205097,-1.9,molecules1
molecules1,190715_Smp_FK180310S77C1-DCM_C,"Cytosine, 13C2-15N3",5.41,205231696,2659127,11838489,-2.4,molecules1
molecules1,190715_Smp_FK180310S80C1-25m_A,"Cytosine, 13C2-15N3",5.38,143049296,1897404,8416461,-2.5,molecules1
molecules1,190715_Smp_FK180310S80C1-25m_B,"Cytosine, 13C2-15N3",5.36,204556320,3299425,12037600,-1.6,molecules1
molecules1,190715_Smp_FK180310S80C1-25m_C,"Cytosine, 13C2-15N3",5.4,182999984,2558019,10697853,-1.8,molecules1
molecules1,190715_Smp_FK180310S80C1-DCM_A,"Cytosine, 13C2-15N3",5.36,156783728,2857831,9383885,-2.1,molecules1
molecules1,190715_Smp_FK180310S80C1-DCM_B,"Cytosine, 13C2-15N3",5.36,190913184,2950396,10609116,-2.5,molecules1
molecules1,190715_Smp_FK180310S80C1-DCM_C,"Cytosine, 13C2-15N3",5.37,158508112,2744578,9180011,-1.9,molecules1
molecules1,190715_Std_4uMStdsMix1InH2O_1,"Guanine, 13C-15N2",8.11,0,0,0,#N/A,molecules1
molecules1,190715_Std_4uMStdsMix1InH2O_2,"Guanine, 13C-15N2",8.18,17122,0,15128,8,molecules1
molecules1,190715_Std_4uMStdsMix2InH2O_1,"Guanine, 13C-15N2",8.14,0,0,0,#N/A,molecules1
molecules1,190715_Std_4uMStdsMix2InH2O_2,"Guanine, 13C-15N2",8.15,0,0,0,#N/A,molecules1
molecules1,190715_Std_4uMStdsMix1InMatrix_1,"Guanine, 13C-15N2",7.36,40029512,0,2338836,-4,molecules1
molecules1,190715_Std_4uMStdsMix1InMatrix_2,"Guanine, 13C-15N2",7.52,27732102,0,1780903,-3.8,molecules1
molecules1,190715_Std_4uMStdsMix2InMatrix_1,"Guanine, 13C-15N2",7.32,40862360,116288,2608556,-4.1,molecules1
molecules1,190715_Std_4uMStdsMix2InMatrix_2,"Guanine, 13C-15N2",7.49,29997520,0,1991908,-3.8,molecules1
molecules1,190715_Std_H2OinMatrix_1,"Guanine, 13C-15N2",7.36,39263908,270131,2443291,-3.8,molecules1
molecules1,190715_Std_H2OinMatrix_2,"Guanine, 13C-15N2",7.49,28337232,0,1887929,-3.8,molecules1
molecules1,190715_Poo_QC-KM1906_A,"Guanine, 13C-15N2",7.38,82822392,950296,4833565,-4.1,molecules1
molecules1,190715_Poo_QC-KM1906_B,"Guanine, 13C-15N2",7.42,61657116,0,3709935,-4,molecules1
molecules1,190715_Poo_QC-KM1906_C,"Guanine, 13C-15N2",7.45,58585940,278397,3625716,-3.3,molecules1
molecules1,190715_Poo_QC-KM1906_D,"Guanine, 13C-15N2",7.52,47454392,0,2866917,-3.6,molecules1
molecules1,190715_Poo_QC-KM1906_E,"Guanine, 13C-15N2",6.65,70219144,982180,3885566,-3.3,molecules1
molecules1,190715_Poo_QC-KM1906_F,"Guanine, 13C-15N2",6.71,63013896,652744,3589202,-3,molecules1
molecules1,190715_Blk_KM1906U14-Blk_C,"Guanine, 13C-15N2",7.39,116083880,1731964,7564535,-4.2,molecules1
molecules1,190715_Poo_TruePooFK180310_Full1,"Guanine, 13C-15N2",6.69,126853232,1402346,7197833,-3.5,molecules1
molecules1,190715_Poo_TruePooFK180310_Full2,"Guanine, 13C-15N2",6.65,79219336,978991,4481253,-3.4,molecules1
molecules1,190715_Poo_TruePooFK180310_Full3,"Guanine, 13C-15N2",6.71,104437720,116147,6055834,-3,molecules1
molecules1,190715_Poo_TruePooFK180310_Half1,"Guanine, 13C-15N2",7.53,66238836,572028,4187080,-3.2,molecules1
molecules1,190715_Poo_TruePooFK180310_Half2,"Guanine, 13C-15N2",6.66,45137916,1163861,2559032,-3.5,molecules1
molecules1,190715_Poo_TruePooFK180310_Half3,"Guanine, 13C-15N2",6.72,56298624,781859,3167054,-3.2,molecules1
molecules1,190715_Smp_FK180310S62C1-25m_A,"Guanine, 13C-15N2",6.71,103446192,1579178,6075781,-3.3,molecules1
molecules1,190715_Smp_FK180310S62C1-25m_B,"Guanine, 13C-15N2",6.72,123825352,1449277,7021935,-3.7,molecules1
molecules1,190715_Smp_FK180310S62C1-25m_C,"Guanine, 13C-15N2",6.68,109846864,1655893,6175567,-3.6,molecules1
molecules1,190715_Smp_FK180310S62C1-DCM_A,"Guanine, 13C-15N2",6.71,140785200,1629388,7855102,-2.8,molecules1
molecules1,190715_Smp_FK180310S62C1-DCM_B,"Guanine, 13C-15N2",6.69,170111184,1851660,9403811,-3.6,molecules1
molecules1,190715_Smp_FK180310S62C1-DCM_C,"Guanine, 13C-15N2",6.69,110610448,1327884,6207872,-3.9,molecules1
molecules1,190715_Smp_FK180310S64C1-25m_A,"Guanine, 13C-15N2",6.69,128790568,1196672,7584101,-4.2,molecules1
molecules1,190715_Smp_FK180310S64C1-25m_B,"Guanine, 13C-15N2",6.72,73065168,1513268,4267837,-3.6,molecules1
molecules1,190715_Smp_FK180310S64C1-25m_C,"Guanine, 13C-15N2",6.69,100788720,1208125,6022206,-3.3,molecules1
molecules1,190715_Smp_FK180310S64C1-DCM_A,"Guanine, 13C-15N2",6.71,92097160,1278641,5230394,-3.1,molecules1
molecules1,190715_Smp_FK180310S64C1-DCM_B,"Guanine, 13C-15N2",6.72,104859352,817568,5981373,-3.3,molecules1
molecules1,190715_Smp_FK180310S64C1-DCM_C,"Guanine, 13C-15N2",6.68,125642912,1875121,6903572,-3.9,molecules1
molecules1,190715_Smp_FK180310S77C1-25m_A,"Guanine, 13C-15N2",6.68,111498248,1045428,6679808,-3.9,molecules1
molecules1,190715_Smp_FK180310S77C1-25m_B,"Guanine, 13C-15N2",6.66,75423432,1521806,4434898,-3.5,molecules1
molecules1,190715_Smp_FK180310S77C1-25m_C,"Guanine, 13C-15N2",6.69,84287160,1645840,4978699,-3.4,molecules1
molecules1,190715_Smp_FK180310S77C1-DCM_A,"Guanine, 13C-15N2",6.68,142093472,1716877,7968264,-3.7,molecules1
molecules1,190715_Smp_FK180310S77C1-DCM_B,"Guanine, 13C-15N2",6.69,99100824,2238315,5822755,-3.6,molecules1
molecules1,190715_Smp_FK180310S77C1-DCM_C,"Guanine, 13C-15N2",6.71,119624376,1553360,6879549,-3.9,molecules1
molecules1,190715_Smp_FK180310S80C1-25m_A,"Guanine, 13C-15N2",6.69,102137784,1825455,6041523,-4,molecules1
molecules1,190715_Smp_FK180310S80C1-25m_B,"Guanine, 13C-15N2",6.65,144570800,1594134,8031550,-3,molecules1
molecules1,190715_Smp_FK180310S80C1-25m_C,"Guanine, 13C-15N2",6.69,125558648,1320430,7366100,-3.4,molecules1
molecules1,190715_Smp_FK180310S80C1-DCM_A,"Guanine, 13C-15N2",6.65,129327256,1643773,7333238,-3.5,molecules1
molecules1,190715_Smp_FK180310S80C1-DCM_B,"Guanine, 13C-15N2",6.71,123960720,1008848,7268879,-3.7,molecules1
molecules1,190715_Smp_FK180310S80C1-DCM_C,"Guanine, 13C-15N2",6.68,126554928,1310513,7201777,-3.3,molecules1
molecules1,190715_Std_4uMStdsMix1InH2O_1,"Arsenobetaine, 13C2",7.24,0,0,0,#N/A,molecules1
molecules1,190715_Std_4uMStdsMix1InH2O_2,"Arsenobetaine, 13C2",7.25,0,0,0,#N/A,molecules1
molecules1,190715_Std_4uMStdsMix2InH2O_1,"Arsenobetaine, 13C2",7.27,0,0,0,#N/A,molecules1
molecules1,190715_Std_4uMStdsMix2InH2O_2,"Arsenobetaine, 13C2",6.98,0,0,0,#N/A,molecules1
molecules1,190715_Std_4uMStdsMix1InMatrix_1,"Arsenobetaine, 13C2",7.1,0,0,0,#N/A,molecules1
molecules1,190715_Std_4uMStdsMix1InMatrix_2,"Arsenobetaine, 13C2",7.22,0,0,0,#N/A,molecules1
molecules1,190715_Std_4uMStdsMix2InMatrix_1,"Arsenobetaine, 13C2",7.24,0,0,0,#N/A,molecules1
molecules1,190715_Std_4uMStdsMix2InMatrix_2,"Arsenobetaine, 13C2",7.24,0,0,0,#N/A,molecules1
molecules1,190715_Std_H2OinMatrix_1,"Arsenobetaine, 13C2",7.18,0,0,0,#N/A,molecules1
molecules1,190715_Std_H2OinMatrix_2,"Arsenobetaine, 13C2",7.1,0,0,0,#N/A,molecules1
molecules1,190715_Poo_QC-KM1906_A,"Arsenobetaine, 13C2",7.16,0,0,0,#N/A,molecules1
molecules1,190715_Poo_QC-KM1906_B,"Arsenobetaine, 13C2",7.21,0,0,0,#N/A,molecules1
molecules1,190715_Poo_QC-KM1906_C,"Arsenobetaine, 13C2",7.26,0,0,0,#N/A,molecules1
molecules1,190715_Poo_QC-KM1906_D,"Arsenobetaine, 13C2",7.13,0,0,0,#N/A,molecules1
molecules1,190715_Poo_QC-KM1906_E,"Arsenobetaine, 13C2",7.27,0,0,0,#N/A,molecules1
molecules1,190715_Poo_QC-KM1906_F,"Arsenobetaine, 13C2",7.15,0,0,0,#N/A,molecules1
molecules1,190715_Blk_KM1906U14-Blk_C,"Arsenobetaine, 13C2",6.31,755994752,10824600,33384302,-0.2,molecules1
molecules1,190715_Poo_TruePooFK180310_Full1,"Arsenobetaine, 13C2",5.51,794381952,14164672,37237008,0.8,molecules1
molecules1,190715_Poo_TruePooFK180310_Full2,"Arsenobetaine, 13C2",5.48,730139200,9847254,31789422,0.7,molecules1
molecules1,190715_Poo_TruePooFK180310_Full3,"Arsenobetaine, 13C2",5.53,1115322240,19046008,49151760,0.9,molecules1
molecules1,190715_Poo_TruePooFK180310_Half1,"Arsenobetaine, 13C2",6.43,387527552,6206509,18339894,1,molecules1
molecules1,190715_Poo_TruePooFK180310_Half2,"Arsenobetaine, 13C2",5.51,376551552,3803810,16271746,0.6,molecules1
molecules1,190715_Poo_TruePooFK180310_Half3,"Arsenobetaine, 13C2",5.51,531600672,9568576,22800074,0.9,molecules1
molecules1,190715_Smp_FK180310S62C1-25m_A,"Arsenobetaine, 13C2",5.57,687651776,10293651,28320662,0.9,molecules1
molecules1,190715_Smp_FK180310S62C1-25m_B,"Arsenobetaine, 13C2",5.52,1108842496,18566758,50307280,0.4,molecules1
molecules1,190715_Smp_FK180310S62C1-25m_C,"Arsenobetaine, 13C2",5.51,655264192,12446770,31598366,0.6,molecules1
molecules1,190715_Smp_FK180310S62C1-DCM_A,"Arsenobetaine, 13C2",5.56,757244160,10910588,33336064,1.1,molecules1
molecules1,190715_Smp_FK180310S62C1-DCM_B,"Arsenobetaine, 13C2",5.51,1038341952,15684421,45864412,0.6,molecules1
molecules1,190715_Smp_FK180310S62C1-DCM_C,"Arsenobetaine, 13C2",5.54,1117188096,17484122,49420196,0.1,molecules1
molecules1,190715_Smp_FK180310S64C1-25m_A,"Arsenobetaine, 13C2",5.52,1114604800,14537742,48656568,0.1,molecules1
molecules1,190715_Smp_FK180310S64C1-25m_B,"Arsenobetaine, 13C2",5.51,670727424,10094385,29812072,0.7,molecules1
molecules1,190715_Smp_FK180310S64C1-25m_C,"Arsenobetaine, 13C2",5.58,761550080,10395663,33662644,0.8,molecules1
molecules1,190715_Smp_FK180310S64C1-DCM_A,"Arsenobetaine, 13C2",5.48,737417152,8260845,30910798,0.9,molecules1
molecules1,190715_Smp_FK180310S64C1-DCM_B,"Arsenobetaine, 13C2",5.57,1104159872,18182296,49407784,0.6,molecules1
molecules1,190715_Smp_FK180310S64C1-DCM_C,"Arsenobetaine, 13C2",5.51,1192413824,18875064,53552880,0.2,molecules1
molecules1,190715_Smp_FK180310S77C1-25m_A,"Arsenobetaine, 13C2",5.56,1059349376,16956082,45206244,-0.2,molecules1
molecules1,190715_Smp_FK180310S77C1-25m_B,"Arsenobetaine, 13C2",5.51,685145088,11127844,30510140,0.4,molecules1
molecules1,190715_Smp_FK180310S77C1-25m_C,"Arsenobetaine, 13C2",5.57,735023360,9364502,29954066,0.6,molecules1
molecules1,190715_Smp_FK180310S77C1-DCM_A,"Arsenobetaine, 13C2",5.48,716763840,11743836,31404320,0.4,molecules1
molecules1,190715_Smp_FK180310S77C1-DCM_B,"Arsenobetaine, 13C2",5.51,750969408,9964597,33251598,0.5,molecules1
molecules1,190715_Smp_FK180310S77C1-DCM_C,"Arsenobetaine, 13C2",5.5,1164337536,17126988,50452884,0.1,molecules1
molecules1,190715_Smp_FK180310S80C1-25m_A,"Arsenobetaine, 13C2",5.55,1087879808,16198839,45853580,-0.1,molecules1
molecules1,190715_Smp_FK180310S80C1-25m_B,"Arsenobetaine, 13C2",5.53,788870400,13277495,35969364,1,molecules1
molecules1,190715_Smp_FK180310S80C1-25m_C,"Arsenobetaine, 13C2",5.55,718775680,12458845,33147712,0.8,molecules1
molecules1,190715_Smp_FK180310S80C1-DCM_A,"Arsenobetaine, 13C2",5.46,705183488,12478751,32724024,0.5,molecules1
molecules1,190715_Smp_FK180310S80C1-DCM_B,"Arsenobetaine, 13C2",5.52,1080557568,13635835,46821016,0.1,molecules1
molecules1,190715_Smp_FK180310S80C1-DCM_C,"Arsenobetaine, 13C2",5.49,757785664,12251580,33757564,0.7,molecules1
